{"site_smooth_scroll":"disabled","back_to_top":"enabled","container_width":{"number":"1500","unit":"px"},"default_header":"disabled","sticky_header":"enabled","sticky_header_logo_check":"yes","sticky_site_image_logo":{"url":"https:\/\/okthemes.com\/vinartwp\/wp-content\/uploads\/2022\/07\/vinart-logo-497-60-3.png","id":"1847","width":"497","height":"60","thumbnail":"https:\/\/okthemes.com\/vinartwp\/wp-content\/uploads\/2022\/07\/vinart-logo-497-60-3.png","alt":"","title":"vinart-logo-497-60","description":""},"sticky_logo_max_width":{"number":"100","unit":"px"},"header_breakpoint":{"number":"1200"},"site_header_search":"enabled","site_logo_type":"image","site_image_logo":{"url":"https:\/\/okthemes.com\/vinartwp\/wp-content\/plugins\/okthemes-toolkit\/assets\/img\/options\/logo.png","id":"","width":"","height":"","thumbnail":"https:\/\/okthemes.com\/vinartwp\/wp-content\/plugins\/okthemes-toolkit\/assets\/img\/options\/logo.png","alt":"","title":"","description":""},"logo_dimension":{"width":"","height":"","unit":"px"},"logo_max_width":{"number":"180","unit":"px"},"header_background_color":"#fff","menu_item_color":"#000000","menu_item_hover_color":"#d68f5e","menu_typography":{"font-family":"Barlow","font-weight":"500","font-style":"","text-transform":"uppercase","font-size":"0.875","font-size-unit":"rem","line-height":"1","line-height-unit":"em","letter-spacing":"3","letter-spacing-unit":"px","type":"google","unit":"px"},"submenu_bg":"#F8F5F2","submenu_item_color":"#000000","submenu_item_hover_color":"#d68f5e","submenu_typography":{"font-family":"Barlow","font-weight":"normal","font-style":"","text-transform":"none","font-size":"1","font-size-unit":"rem","line-height":"1","line-height-unit":"em","letter-spacing":"0","letter-spacing-unit":"px","type":"google","unit":"px"},"mobile_bg":"#F8F5F2","header_menu_open_text":"Menu","header_menu_close_text":"Close","mobile_image_logo":{"url":"https:\/\/okthemes.com\/vinartwp\/wp-content\/plugins\/okthemes-toolkit\/assets\/img\/options\/logo.png","id":"","width":"","height":"","thumbnail":"https:\/\/okthemes.com\/vinartwp\/wp-content\/plugins\/okthemes-toolkit\/assets\/img\/options\/logo.png","alt":"","title":"","description":""},"mobile_logo_dimension":{"width":"","height":"","unit":"px"},"mobile_logo_max_width":{"number":"180","unit":"px"},"default_footer":"disabled","copyright":"enabled","copyright_text":"Copyright \u00a9 2022. All rights reserved.","footer_background_color":"#212121","footer_text_color":"#ffffff","page_global_sidebar":"no-sidebar","page_header":"enabled","page_title":"enabled","page_header_min_height":{"height":"400","unit":"px"},"page_header_padding":{"top":"4","right":"2.5","bottom":"4","left":"2.5","unit":"em"},"page_header_bg":"#f8f5f2","sidebar_width":{"width":"25"},"sidebar_options":"","blog_archive_sidebar":"no-sidebar","blog_archive_post_layout":"grid","blog_archive_post_grid_columns":"3","blog_archive_post_list_style":"inline","archive_post_featured_image":"yes","archive_post_meta":"yes","archive_post_meta_date":"yes","archive_post_meta_category":"yes","archive_post_content":"excerpt","archive_post_excerpt_count":{"number":"20"},"archive_read_more_button":"yes","archive_read_more_button_text":"Read more","single_post_featured_image":"no","single_post_meta":"yes","single_post_meta_date":"yes","single_post_meta_category":"yes","single_post_meta_tags":"yes","single_post_navigation":"yes","single_post_navigation_next_button":"Next article","shop_layout":"","activate_product_image_sizes":"enabled","store_catalog_mode":"","product_loop_columns":"3","product_loop_per_page":{"number":"9"},"store_sale_flash":"enabled","store_products_price":"enabled","store_add_to_cart":"enabled","product_awards":"enabled","product_pdf_factsheet":"enabled","product_sale_flash":"enabled","product_products_price":"enabled","product_products_excerpt":"enabled","product_products_meta":"enabled","product_add_to_cart":"enabled","product_related_products":"enabled","product_upsells_products":"enabled","product_reviews_tab":"enabled","product_description_tab":"enabled","product_attributes_tab":"enabled","product_crosssells_products":"enabled","page_comments":"disabled","post_comments":"disabled","error_title":"404 Error","error_desc":"It seems we cannot find what you are looking for.","error_button_text":"Return To Home","primary_color":"#D68F5E","secondary_color":"#212121","accent_color":"#999999","accent_color_1":"#373737","accent_color_2":"#493F38","body_background_color":"#ffffff","modules_background_color":"#F8F5F2","typography_radios":"desktop","body_typography":{"font-family":"Barlow","font-weight":"normal","font-style":"","text-transform":"none","font-size":"18","font-size-unit":"px","line-height":"1.6","line-height-unit":"em","letter-spacing":"0","letter-spacing-unit":"px","color":"#000","type":"google","unit":"px"},"body_typography_tablet":{"font-size":"18","font-size-unit":"px","line-height":"1.6","line-height-unit":"em","letter-spacing":"0","letter-spacing-unit":"px","type":"","unit":"px"},"body_typography_mobile":{"font-size":"18","font-size-unit":"px","line-height":"1.6","line-height-unit":"em","letter-spacing":"0","letter-spacing-unit":"px","type":"","unit":"px"},"h1_typography":{"font-family":"Barlow","font-weight":"300","font-style":"","text-transform":"none","font-size":"4","font-size-unit":"rem","line-height":"1.3","line-height-unit":"em","letter-spacing":"0","letter-spacing-unit":"px","color":"#000","type":"google","unit":"px"},"h1_typography_tablet":{"font-size":"3.4","font-size-unit":"rem","line-height":"1.3","line-height-unit":"em","letter-spacing":"0","letter-spacing-unit":"px","type":"","unit":"px"},"h1_typography_mobile":{"font-size":"3","font-size-unit":"rem","line-height":"1.3","line-height-unit":"em","letter-spacing":"0","letter-spacing-unit":"px","type":"","unit":"px"},"h2_typography":{"font-family":"Barlow","font-weight":"300","font-style":"","text-transform":"none","font-size":"3","font-size-unit":"rem","line-height":"1.3","line-height-unit":"em","letter-spacing":"0","letter-spacing-unit":"px","color":"#000","type":"google","unit":"px"},"h2_typography_tablet":{"font-size":"2.8","font-size-unit":"rem","line-height":"1.3","line-height-unit":"em","letter-spacing":"0","letter-spacing-unit":"px","type":"","unit":"px"},"h2_typography_mobile":{"font-size":"2.3","font-size-unit":"rem","line-height":"1.3","line-height-unit":"em","letter-spacing":"0","letter-spacing-unit":"px","type":"","unit":"px"},"h3_typography":{"font-family":"Barlow","font-weight":"300","font-style":"","text-transform":"none","font-size":"2.3","font-size-unit":"rem","line-height":"1.3","line-height-unit":"em","letter-spacing":"0","letter-spacing-unit":"px","color":"#000","type":"google","unit":"px"},"h3_typography_tablet":{"font-size":"2.3","font-size-unit":"rem","line-height":"1.3","line-height-unit":"em","letter-spacing":"0","letter-spacing-unit":"px","type":"","unit":"px"},"h3_typography_mobile":{"font-size":"2","font-size-unit":"rem","line-height":"1.3","line-height-unit":"em","letter-spacing":"0","letter-spacing-unit":"px","type":"","unit":"px"},"h4_typography":{"font-family":"Barlow","font-weight":"300","font-style":"","text-transform":"none","font-size":"2","font-size-unit":"rem","line-height":"1.3","line-height-unit":"em","letter-spacing":"0","letter-spacing-unit":"px","color":"#000","type":"google","unit":"px"},"h4_typography_tablet":{"font-size":"2","font-size-unit":"rem","line-height":"1.3","line-height-unit":"em","letter-spacing":"0","letter-spacing-unit":"px","type":"","unit":"px"},"h4_typography_mobile":{"font-size":"1.75","font-size-unit":"rem","line-height":"1.3","line-height-unit":"em","letter-spacing":"0","letter-spacing-unit":"px","type":"","unit":"px"},"h5_typography":{"font-family":"Barlow","font-weight":"300","font-style":"","text-transform":"none","font-size":"1.5","font-size-unit":"rem","line-height":"1.3","line-height-unit":"em","letter-spacing":"0","letter-spacing-unit":"px","color":"#000","type":"google","unit":"px"},"h5_typography_tablet":{"font-size":"1.75","font-size-unit":"rem","line-height":"1.3","line-height-unit":"em","letter-spacing":"0","letter-spacing-unit":"px","type":"","unit":"px"},"h5_typography_mobile":{"font-size":"1.35","font-size-unit":"rem","line-height":"1.3","line-height-unit":"em","letter-spacing":"0","letter-spacing-unit":"px","type":"","unit":"px"},"h6_typography":{"font-family":"Barlow","font-weight":"500","font-style":"","text-transform":"uppercase","font-size":"0.778","font-size-unit":"rem","line-height":"1.3","line-height-unit":"em","letter-spacing":"3","letter-spacing-unit":"px","color":"#000","type":"google","unit":"px"},"h6_typography_tablet":{"font-size":"0.778","font-size-unit":"rem","line-height":"1.3","line-height-unit":"em","letter-spacing":"3","letter-spacing-unit":"px","type":"","unit":"px"},"h6_typography_mobile":{"font-size":"0.778","font-size-unit":"rem","line-height":"1.3","line-height-unit":"em","letter-spacing":"3","letter-spacing-unit":"px","type":"","unit":"px"},"paragraph_spacing":{"number":"1","unit":"em"},"paragraph_spacing_tablet":{"number":"1","unit":"em"},"paragraph_spacing_mobile":{"number":"1","unit":"em"},"buttons_text_color":{"color":"#ffffff","hover":"#ffffff"},"buttons_background_color":{"color":"#D68F5E","hover":"#000000"},"buttons_border":{"top":"1","right":"1","bottom":"1","left":"1","style":"solid"},"buttons_border_radius":{"number":"0","unit":"px"},"buttons_border_color":{"color":"#D68F5E","hover":"#000000"},"buttons_typography_radios":"desktop","buttons_typography":{"font-family":"Barlow","font-weight":"normal","font-style":"","text-transform":"none","font-size":"18","font-size-unit":"px","line-height":"1.6","line-height-unit":"em","letter-spacing":"0","letter-spacing-unit":"px","type":"google","unit":"px"},"buttons_typography_tablet":{"font-size":"18","font-size-unit":"px","line-height":"1.6","line-height-unit":"em","letter-spacing":"0","letter-spacing-unit":"px","type":"","unit":"px"},"buttons_typography_mobile":{"font-size":"18","font-size-unit":"px","line-height":"1.6","line-height-unit":"em","letter-spacing":"0","letter-spacing-unit":"px","type":"","unit":"px"},"buttons_spacing":{"top":"25","right":"50","bottom":"25","left":"50","unit":"px"},"buttons_spacing_tablet":{"top":"25","right":"50","bottom":"25","left":"50","unit":"px"},"buttons_spacing_mobile":{"top":"20","right":"25","bottom":"20","left":"25","unit":"px"},"custom_scripts":""}