{"sidebar-page":{"nav_menu-4":{"title":"Table of Contents","nav_menu":226}},"sidebar-posts":{"block-10":{"content":"<!-- wp:search {\"label\":\"Search\",\"buttonText\":\"Search\"} \/-->"},"block-5":{"content":"<!-- wp:group -->\n<div class=\"wp-block-group\"><!-- wp:heading -->\n<h2 class=\"wp-block-heading\">Archives<\/h2>\n<!-- \/wp:heading -->\n\n<!-- wp:archives \/--><\/div>\n<!-- \/wp:group -->"},"block-6":{"content":"<!-- wp:group -->\n<div class=\"wp-block-group\"><!-- wp:heading -->\n<h2 class=\"wp-block-heading\">Categories<\/h2>\n<!-- \/wp:heading -->\n\n<!-- wp:categories \/--><\/div>\n<!-- \/wp:group -->"},"meta-2":{"title":"Meta"}}}